Date,Precio_Inicio,Alto,Bajo,Precio_Cierre,Volumen
2022-12-05,11.22659969329834,11.662500381469727,11.22659969329834,11.22659969329834,0
2022-12-06,11.663000106811523,11.663000106811523,11.662500381469727,11.662500381469727,0
2022-12-07,11.50100040435791,11.50100040435791,11.50100040435791,11.662500381469727,0
2022-12-08,12.629799842834473,12.629799842834473,12.629799842834473,11.50100040435791,0
2022-12-09,13.562600135803223,13.562600135803223,13.562600135803223,12.629799842834473,0
2022-12-12,13.562600135803223,13.562600135803223,13.562600135803223,13.562600135803223,0
2022-12-13,13.562600135803223,13.562600135803223,13.562600135803223,13.562600135803223,0
2022-12-14,14.069700241088867,14.069700241088867,14.069700241088867,13.562600135803223,0
2022-12-15,15.19729995727539,15.19729995727539,15.19729995727539,14.727700233459473,0
2022-12-16,15.532600402832031,15.532600402832031,15.532600402832031,15.19729995727539,0
2022-12-19,15.532600402832031,15.532699584960938,15.532600402832031,15.19729995727539,0
2022-12-20,15.960599899291992,15.960599899291992,15.960599899291992,15.960599899291992,0
2022-12-21,15.960599899291992,16.00160026550293,15.960599899291992,15.960599899291992,0
2022-12-22,16.00160026550293,16.00160026550293,16.00160026550293,16.00160026550293,0
2022-12-23,16.41118812561035,16.41118812561035,16.41118812561035,16.41118812561035,0
2022-12-26,16.411100387573242,16.411100387573242,16.411100387573242,16.411100387573242,0
2022-12-27,16.411100387573242,16.524799346923828,16.411100387573242,16.411100387573242,0
2022-12-28,16.524799346923828,16.525100708007812,16.524799346923828,16.524799346923828,0
2022-12-29,16.760700225830078,16.760700225830078,16.760700225830078,16.525100708007812,0
2022-12-30,16.760700225830078,16.760700225830078,16.760700225830078,16.525100708007812,0
2023-01-02,17.074399948120117,17.074399948120117,17.074399948120117,16.760700225830078,0
2023-01-03,17.445199966430664,17.445199966430664,17.445199966430664,17.074399948120117,0
2023-01-04,17.515199661254883,17.515199661254883,17.515199661254883,17.515199661254883,0
2023-01-05,17.515199661254883,17.515199661254883,17.515199661254883,17.515199661254883,0
2023-01-06,18.348600387573242,18.348600387573242,18.348600387573242,17.515199661254883,0
2023-01-09,18.348600387573242,18.348600387573242,18.348600387573242,18.348600387573242,0
2023-01-10,18.348600387573242,18.348600387573242,18.348600387573242,18.348600387573242,0
2023-01-11,18.762176513671875,18.762176513671875,18.762176513671875,19.066600799560547,0
2023-01-12,19.00546646118164,19.00546646118164,19.00546646118164,19.00546646118164,0
2023-01-13,19.23020362854004,19.23020362854004,19.23020362854004,19.23020362854004,0
2023-01-16,19.23020362854004,19.403369903564453,19.23020362854004,19.23020362854004,0
2023-01-17,19.403369903564453,19.614599227905273,19.403369903564453,19.403369903564453,0
2023-01-18,19.403369903564453,19.922500610351562,19.403369903564453,19.403369903564453,0
2023-01-19,19.934539794921875,19.934539794921875,19.934539794921875,19.922565460205078,0
2023-01-20,19.934539794921875,19.934545516967773,19.934539794921875,19.922565460205078,0
2023-01-23,20.244062423706055,20.244062423706055,20.244062423706055,19.934545516967773,0
2023-01-24,20.244062423706055,20.682165145874023,20.244062423706055,19.934545516967773,0
2023-01-25,21.121463775634766,21.121463775634766,21.121463775634766,21.121463775634766,0
2023-01-26,21.265602111816406,21.265602111816406,21.265602111816406,21.121463775634766,0
2023-01-27,21.265602111816406,21.265602111816406,21.265602111816406,21.121463775634766,0
2023-01-30,21.67278289794922,21.67278289794922,21.67278289794922,21.265602111816406,0
2023-01-31,21.67278289794922,21.67278289794922,21.67278289794922,21.265602111816406,0
2023-02-01,21.67278289794922,21.67278289794922,21.67278289794922,21.265602111816406,0
2023-02-02,22.38200569152832,22.38200569152832,22.38200569152832,21.67278289794922,0
2023-02-03,22.62409782409668,22.62409782409668,22.62409782409668,22.38200569152832,0
2023-02-06,22.62409782409668,22.62409782409668,22.62409782409668,22.38200569152832,0
2023-02-07,22.848934173583984,23.09082794189453,22.848934173583984,22.62409782409668,0
2023-02-08,23.09082794189453,23.09082794189453,23.09082794189453,23.09082794189453,0
2023-02-09,23.749975204467773,23.749975204467773,23.749975204467773,23.553659439086914,0
2023-02-10,24.138004302978516,24.138004302978516,24.138004302978516,23.749975204467773,0
2023-02-13,24.138004302978516,24.138004302978516,24.138004302978516,23.749975204467773,0
2023-02-14,24.138004302978516,24.138004302978516,24.138004302978516,23.749975204467773,0
2023-02-15,24.138004302978516,24.138004302978516,24.138004302978516,23.749975204467773,0
2023-02-16,24.138004302978516,24.138004302978516,24.138004302978516,23.749975204467773,0
2023-02-17,24.138004302978516,24.138004302978516,24.138004302978516,23.749975204467773,0
2023-02-20,24.326431274414062,24.326431274414062,24.326431274414062,24.138004302978516,0
2023-02-21,24.326431274414062,24.326431274414062,24.326431274414062,24.138004302978516,0
2023-02-22,24.340396881103516,24.340396881103516,24.340396881103516,24.326431274414062,0
2023-02-23,24.340396881103516,24.340396881103516,24.340396881103516,24.326431274414062,0
2023-02-24,24.309873580932617,24.309873580932617,24.309873580932617,24.340396881103516,0
2023-02-27,24.35525894165039,24.35525894165039,24.35525894165039,24.35525894165039,0
2023-02-28,24.35525894165039,24.35525894165039,24.35525894165039,24.35525894165039,0
2023-03-01,24.299997329711914,24.299997329711914,24.299997329711914,24.35525894165039,0
2023-03-02,24.296207427978516,24.296207427978516,24.296207427978516,24.296207427978516,0
2023-03-03,24.29610824584961,24.29610824584961,24.29610824584961,24.29610824584961,0
2023-03-06,24.256000518798828,24.256000518798828,24.256000518798828,24.256000518798828,0
2023-03-07,24.25600814819336,24.25600814819336,24.25600814819336,24.256000518798828,0
2023-03-08,24.09531021118164,24.09531021118164,24.09531021118164,24.09531021118164,0
2023-03-09,24.108976364135742,24.108976364135742,24.108976364135742,24.09531021118164,0
2023-03-10,24.074663162231445,24.074663162231445,24.074663162231445,24.108976364135742,0
2023-03-13,24.074663162231445,24.074663162231445,24.074663162231445,24.074663162231445,0
2023-03-14,24.085535049438477,24.085535049438477,24.057905197143555,24.085535049438477,0
2023-03-15,23.940298080444336,23.940298080444336,23.940298080444336,24.057905197143555,0
2023-03-16,23.940298080444336,23.940298080444336,23.940298080444336,23.940298080444336,0
2023-03-17,24.007530212402344,24.007530212402344,24.007530212402344,23.940298080444336,0
2023-03-20,24.007530212402344,24.065486907958984,24.007530212402344,23.940298080444336,0
2023-03-21,24.007530212402344,24.065486907958984,24.007530212402344,23.940298080444336,0
2023-03-22,24.007530212402344,24.065486907958984,24.007530212402344,23.940298080444336,0
2023-03-23,24.007530212402344,24.065486907958984,24.007530212402344,23.940298080444336,0
2023-03-24,24.007530212402344,24.065486907958984,24.007530212402344,23.940298080444336,0
2023-03-27,24.340595245361328,24.340595245361328,24.340595245361328,24.065486907958984,0
2023-03-28,24.340595245361328,24.340595245361328,24.340595245361328,24.340595245361328,0
2023-03-29,24.354061126708984,24.354061126708984,24.354061126708984,24.340595245361328,0
2023-03-30,24.354061126708984,24.42618179321289,24.354061126708984,24.354061126708984,0
2023-03-31,24.42618179321289,24.435558319091797,24.42618179321289,24.42618179321289,0
2023-04-03,24.435558319091797,24.46428680419922,24.435558319091797,24.435558319091797,0
2023-04-04,24.46428680419922,24.46428680419922,24.428476333618164,24.46428680419922,0
2023-04-05,24.428476333618164,24.428476333618164,24.38029670715332,24.428476333618164,0
2023-04-06,24.428476333618164,24.428476333618164,24.38029670715332,24.428476333618164,0
2023-04-07,24.426679611206055,24.426679611206055,24.426679611206055,24.38029670715332,0
2023-04-10,24.426679611206055,24.426679611206055,24.426679611206055,24.426679611206055,0
2023-04-11,24.426679611206055,24.426679611206055,24.331119537353516,24.426679611206055,0
2023-04-12,24.331119537353516,24.412216186523438,24.331119537353516,24.331119537353516,0
2023-04-13,24.412216186523438,24.412216186523438,24.412216186523438,24.412216186523438,0
2023-04-14,24.426679611206055,24.480545043945312,24.426679611206055,24.426679611206055,0
2023-04-17,24.480545043945312,24.51246452331543,24.480545043945312,24.480545043945312,0
2023-04-18,24.51246452331543,24.51246452331543,24.51246452331543,24.51246452331543,0
2023-04-19,24.51246452331543,24.51246452331543,24.499797821044922,24.51246452331543,0
2023-04-20,24.499797821044922,24.50189208984375,24.499797821044922,24.499797821044922,0
2023-04-21,24.50189208984375,24.50189208984375,24.50189208984375,24.50189208984375,0
2023-04-24,24.58677864074707,24.58677864074707,24.58677864074707,24.50189208984375,0
2023-04-25,24.58677864074707,24.58677864074707,24.58677864074707,24.58677864074707,0
2023-04-26,2.5916669368743896,2.5916669368743896,2.5916669368743896,24.553163528442383,0
2023-04-27,24.622499465942383,24.617353439331055,24.617353439331055,24.553163528442383,0
2023-04-28,24.6685733795166,24.6685733795166,24.6685733795166,24.6685733795166,0
2023-05-01,24.6685733795166,24.6685733795166,24.6685733795166,24.6685733795166,0
2023-05-02,24.68842315673828,24.68842315673828,24.68842315673828,24.6685733795166,0
2023-05-03,24.68842315673828,24.68842315673828,24.68842315673828,24.68842315673828,0
2023-05-04,24.753660202026367,24.753660202026367,24.753660202026367,24.753660202026367,0
2023-05-05,24.96732521057129,24.96732521057129,24.96732521057129,24.96732521057129,0
2023-05-08,24.99505615234375,24.99505615234375,24.99505615234375,24.99505615234375,0
2023-05-09,24.99505615234375,24.99505615234375,24.99505615234375,24.99505615234375,0
2023-05-10,25.060789108276367,25.060789108276367,25.060789108276367,24.99505615234375,0
2023-05-11,25.116151809692383,25.116151809692383,25.116151809692383,25.116151809692383,0
2023-05-12,25.116151809692383,25.2850284576416,25.116151809692383,25.116151809692383,0
2023-05-15,25.116151809692383,25.2850284576416,25.116151809692383,25.116151809692383,0
2023-05-16,25.425376892089844,25.425376892089844,25.425376892089844,25.37141227722168,0
2023-05-17,25.425376892089844,25.425376892089844,25.425376892089844,25.58378028869629,0
2023-05-18,25.58378028869629,25.58378028869629,25.58378028869629,25.58378028869629,0
2023-05-19,25.825000762939453,26.57509994506836,25.823999404907227,25.747669219970703,0
2023-05-22,25.940486907958984,25.940486907958984,25.940486907958984,25.940486907958984,0
2023-05-23,25.940486907958984,25.940486907958984,25.940486907958984,25.940486907958984,0
2023-05-24,25.940486907958984,25.940486907958984,25.93649673461914,25.940486907958984,0
2023-05-25,25.971080780029297,25.971080780029297,25.971080780029297,25.980121612548828,0
2023-05-26,26.064176559448242,26.064176559448242,26.064176559448242,25.971080780029297,0
2023-05-29,26.064176559448242,26.064176559448242,26.064176559448242,25.971080780029297,0
2023-05-30,26.064176559448242,26.064176559448242,26.064176559448242,25.971080780029297,0
2023-05-31,26.09848976135254,26.09848976135254,26.09848976135254,26.064176559448242,0
2023-06-01,26.09848976135254,26.098495483398438,26.09848976135254,26.064176559448242,0
2023-06-02,26.09848976135254,26.098495483398438,26.09848976135254,26.064176559448242,0
2023-06-05,26.401031494140625,26.401031494140625,26.401031494140625,26.401031494140625,0
2023-06-06,26.396343231201172,26.396343231201172,26.396343231201172,26.529809951782227,0
2023-06-07,26.56631851196289,26.56631851196289,26.56631851196289,26.56631851196289,0
2023-06-08,26.637041091918945,26.637041091918945,26.637041091918945,26.56631851196289,0
2023-06-09,26.78995704650879,26.78995704650879,26.78995704650879,26.637041091918945,0
2023-06-12,26.953447341918945,26.953447341918945,26.953447341918945,26.78995704650879,0
2023-06-13,26.953447341918945,26.953447341918945,26.953447341918945,26.78995704650879,0
2023-06-14,26.950454711914062,26.950454711914062,26.950454711914062,26.950454711914062,0
2023-06-15,26.950454711914062,27.03753662109375,26.950454711914062,26.950454711914062,0
2023-06-16,27.03753662109375,27.03753662109375,27.03753662109375,27.03753662109375,0
2023-06-19,27.20980453491211,27.20980453491211,27.20980453491211,27.20980453491211,0
2023-06-20,24.20980453491211,24.20980453491211,24.20980453491211,25.743913650512695,0
2023-06-21,27.18616485595703,27.18616485595703,27.18616485595703,27.18616485595703,0
2023-06-22,27.23175048828125,27.23175048828125,27.23175048828125,27.23175048828125,0
2023-06-23,27.23175048828125,27.23175048828125,27.23175048828125,27.473154067993164,0
2023-06-26,27.540576934814453,27.540576934814453,27.540576934814453,27.23175048828125,0
2023-06-27,27.5478572845459,27.5478572845459,27.5478572845459,27.54050064086914,0
2023-06-28,27.5478572845459,27.5478572845459,27.5478572845459,27.54050064086914,0
2023-06-29,27.760000228881836,27.760000228881836,27.760000228881836,27.767807006835938,0
2023-06-30,27.784963607788086,27.784963607788086,27.784963607788086,27.76787757873535,0
2023-07-03,27.784963607788086,27.784963607788086,27.784963607788086,27.76787757873535,0
2023-07-04,27.94615936279297,27.94615936279297,27.94615936279297,27.784963607788086,0
2023-07-05,27.94615936279297,27.94615936279297,27.94615936279297,27.94615936279297,0
2023-07-06,28.09436798095703,28.09436798095703,28.09436798095703,28.09438705444336,0
2023-07-07,28.20610809326172,28.20610809326172,28.20610809326172,28.09436798095703,0
2023-07-10,28.234037399291992,28.234037399291992,28.234037399291992,28.234037399291992,0
2023-07-11,28.136083602905273,28.136083602905273,28.136083602905273,28.234037399291992,0
2023-07-12,28.136083602905273,28.136083602905273,28.136083602905273,28.234037399291992,0
2023-07-13,28.136083602905273,28.282018661499023,28.136083602905273,28.136083602905273,0
2023-07-14,28.282018661499023,28.282018661499023,28.282014846801758,28.282018661499023,0
2023-07-17,28.38446044921875,28.38446044921875,28.38446044921875,28.282014846801758,0
2023-07-18,28.38446044921875,28.59782600402832,28.38446044921875,28.38446044921875,0
2023-07-19,28.74026870727539,28.74026870727539,28.74026870727539,28.59782600402832,0
2023-07-20,28.806703567504883,28.806703567504883,28.806703567504883,28.806703567504883,0
2023-07-21,28.918123245239258,28.918123245239258,28.918123245239258,28.806703567504883,0
2023-07-24,28.918123245239258,29.014482498168945,28.918123245239258,28.806703567504883,0
2023-07-25,29.014482498168945,29.014482498168945,29.014482498168945,29.014482498168945,0
2023-07-26,29.03144073486328,29.03144073486328,29.03144073486328,29.014482498168945,0
2023-07-27,29.24071502685547,29.24071502685547,29.24071502685547,29.24071502685547,0
2023-07-28,29.231937408447266,29.231937408447266,29.231937408447266,29.24071502685547,0
2023-07-31,29.231937408447266,29.43821907043457,29.231937408447266,29.231937408447266,0
2023-08-01,29.429941177368164,29.429941177368164,29.429941177368164,29.43821907043457,0
2023-08-02,29.541261672973633,29.541261672973633,29.541261672973633,29.429941177368164,0
2023-08-03,29.541261672973633,29.541261672973633,29.541261672973633,29.429941177368164,0
2023-08-04,29.68151092529297,30.028940200805664,29.68151092529297,29.541261672973633,0
2023-08-07,29.68151092529297,30.028940200805664,29.68151092529297,29.541261672973633,0
2023-08-08,29.68151092529297,30.028940200805664,29.68151092529297,29.541261672973633,0
2023-08-09,29.68151092529297,30.028940200805664,29.68151092529297,29.541261672973633,0
2023-08-10,29.68151092529297,30.028940200805664,29.68151092529297,29.541261672973633,0
2023-08-11,29.68151092529297,30.028940200805664,29.68151092529297,29.541261672973633,0
2023-08-14,30.028940200805664,30.028940200805664,30.028940200805664,30.028940200805664,0
2023-08-15,30.028940200805664,30.028940200805664,30.0,30.028940200805664,0
2023-08-16,31.431026458740234,31.431026458740234,31.431026458740234,31.431026458740234,0
2023-08-17,31.431026458740234,31.431026458740234,31.431026458740234,31.431026458740234,0
2023-08-18,31.532670974731445,31.532670974731445,31.532670974731445,31.532670974731445,0
2023-08-21,31.767681121826172,31.767681121826172,31.767681121826172,31.532670974731445,0
2023-08-22,31.767681121826172,31.767681121826172,31.767681121826172,31.767681121826172,0
2023-08-23,31.767681121826172,31.767681121826172,31.75411605834961,31.767681121826172,0
2023-08-24,32.09804916381836,32.09804916381836,32.09804916381836,31.75411605834961,0
2023-08-25,32.09804916381836,32.09804916381836,32.09804916381836,31.75411605834961,0
2023-08-28,32.09804916381836,32.09804916381836,32.09804916381836,31.75411605834961,0
2023-08-29,32.09804916381836,32.09804916381836,32.09804916381836,31.75411605834961,0
2023-08-30,32.09804916381836,32.09804916381836,32.09804916381836,31.75411605834961,0
2023-08-31,32.09804916381836,32.09804916381836,32.09804916381836,31.75411605834961,0
2023-09-01,32.09804916381836,32.09804916381836,32.09804916381836,31.75411605834961,0
2023-09-04,32.09804916381836,32.09804916381836,32.09804916381836,31.75411605834961,0
2023-09-05,32.09804916381836,32.09804916381836,32.09804916381836,32.09804916381836,0
2023-09-06,32.857051849365234,32.857051849365234,32.857051849365234,32.09804916381836,0
2023-09-07,33.02872085571289,33.02872085571289,33.02872085571289,32.0,0
2023-09-08,33.02872085571289,33.02872085571289,33.02872085571289,33.02870178222656,0
2023-09-11,33.25674819946289,33.25674819946289,33.25674819946289,33.25674819946289,0
2023-09-12,33.25674819946289,33.25674819946289,33.25674819946289,33.25674819946289,0
2023-09-13,33.25674819946289,33.25674819946289,33.25373840332031,33.25674819946289,0
2023-09-14,33.25373840332031,33.25373840332031,33.25373840332031,33.25373840332031,0
2023-09-15,33.42403030395508,33.42403030395508,33.42403030395508,33.35660171508789,0
2023-09-18,33.42403030395508,33.42403030395508,33.42403030395508,33.42403030395508,0
2023-09-19,33.42403030395508,33.58393096923828,33.42403030395508,33.42403030395508,0
2023-09-20,33.73155975341797,33.73155975341797,33.73155975341797,33.73155975341797,0
2023-09-21,33.74871826171875,33.74871826171875,33.74871826171875,33.74871826171875,0
2023-09-22,33.844078063964844,33.844078063964844,33.844078063964844,33.844078063964844,0
2023-09-25,33.844078063964844,33.844078063964844,33.844078063964844,33.844078063964844,0
2023-09-26,33.90622329711914,33.90622329711914,33.90622329711914,33.90622329711914,0
2023-09-27,34.0080680847168,34.0080680847168,34.0080680847168,34.0080680847168,0
2023-09-28,34.165069580078125,34.165069580078125,34.165069580078125,34.165069580078125,0
2023-09-29,34.165069580078125,34.21514892578125,34.165069580078125,34.165069580078125,0
2023-10-02,34.21514892578125,34.21514892578125,34.21514892578125,34.21514892578125,0
2023-10-03,34.38193130493164,34.38193130493164,34.38193130493164,34.38193130493164,0
2023-10-04,34.38193130493164,34.38193130493164,34.38193130493164,34.38193130493164,0
2023-10-05,34.58182907104492,34.58182907104492,34.58182907104492,34.58182907104492,0
2023-10-06,34.58182907104492,34.66302490234375,34.58182907104492,34.58182907104492,0
2023-10-09,34.66302490234375,34.66302490234375,34.66302490234375,34.66302490234375,0
2023-10-10,34.66302490234375,34.66302490234375,34.66302490234375,34.66302490234375,0
2023-10-11,34.73284912109375,34.75449752807617,34.73284912109375,34.66302490234375,0
2023-10-12,34.75449752807617,34.75449752807617,34.75449752807617,34.75449752807617,0
2023-10-13,34.75449752807617,34.81285095214844,34.75449752807617,34.75449752807617,0
2023-10-16,34.81285095214844,34.81285095214844,34.81285095214844,34.81285095214844,0
2023-10-17,34.763671875,34.763671875,34.763671875,34.7904052734375,0
2023-10-18,34.763671875,34.763671875,34.72557067871094,34.7904052734375,0
2023-10-19,34.72557067871094,34.773048400878906,34.72557067871094,34.72557067871094,0
2023-10-20,34.773048400878906,34.773048400878906,34.773048400878906,34.773048400878906,0
2023-10-23,34.77125549316406,34.77125549316406,34.77125549316406,34.77125549316406,0
2023-10-24,34.890464782714844,34.890464782714844,34.890464782714844,34.89045333862305,0
2023-10-25,34.890464782714844,34.890464782714844,34.89045333862305,34.89045333862305,0
2023-10-26,34.94023132324219,34.94023132324219,34.94023132324219,34.94023132324219,0
2023-10-27,34.94023132324219,34.94023132324219,34.94023132324219,34.94023132324219,0
2023-10-30,34.94023132324219,34.94023132324219,34.94023132324219,34.94023132324219,0
2023-10-31,35.03977966308594,35.03977966308594,35.03977966308594,34.94023132324219,0
2023-11-01,35.03977966308594,35.03977966308594,35.03977966308594,35.03977966308594,0
2023-11-02,34.977638244628906,34.977638244628906,34.977638244628906,35.03977966308594,0
2023-11-03,34.977638244628906,34.977638244628906,34.977638244628906,34.977638244628906,0
2023-11-06,35.084468841552734,35.084468841552734,35.084468841552734,35.084468841552734,0
2023-11-07,35.14781188964844,35.14781188964844,35.14781188964844,35.14781188964844,0
2023-11-08,35.14781188964844,35.14781188964844,35.14781188964844,35.14781188964844,0
2023-11-09,35.11351013183594,35.150001525878906,35.11000061035156,35.06624984741211,0
2023-11-10,35.157684326171875,35.157684326171875,35.157684326171875,35.24302291870117,0
2023-11-13,35.157684326171875,35.157684326171875,35.157684326171875,35.24302291870117,0
2023-11-14,35.28217315673828,35.28217315673828,35.28217315673828,35.28217315673828,0
2023-11-15,35.29344177246094,35.29344177246094,35.29344177246094,35.29344177246094,0
2023-11-16,35.29344177246094,35.2934455871582,35.29344177246094,35.29344177246094,0
2023-11-17,35.2934455871582,35.32227325439453,35.2934455871582,35.2934455871582,0
2023-11-20,35.32227325439453,35.32227325439453,35.32227325439453,35.32227325439453,0
2023-11-21,35.389305114746094,35.389305114746094,35.389305114746094,35.389305114746094,0
2023-11-22,35.389305114746094,35.389305114746094,35.36247253417969,35.389305114746094,0
2023-11-23,35.389305114746094,35.389305114746094,35.36247253417969,35.389305114746094,0
2023-11-24,35.36247253417969,35.398887634277344,35.36247253417969,35.36247253417969,0
2023-11-27,35.398887634277344,35.398887634277344,35.398887634277344,35.398887634277344,0
2023-11-28,35.38212585449219,35.38213348388672,35.38212585449219,35.38212203979492,0
2023-11-29,35.38213348388672,35.38213348388672,35.38213348388672,35.38213348388672,0
2023-11-30,35.40516662597656,35.40516662597656,35.40516662597656,35.38213348388672,0
2023-12-01,35.42431640625,35.42431640625,35.42431640625,35.40516662597656,0
2023-12-04,35.49164962768555,35.49164962768555,35.49164962768555,35.49164962768555,0
2023-12-05,35.49164962768555,35.49164962768555,35.49164962768555,35.49164962768555,0
2023-12-06,35.43399429321289,35.46890640258789,35.43399429321289,35.43399429321289,0
2023-12-07,35.46890640258789,35.46890640258789,35.46890640258789,35.46890640258789,0
2023-12-08,35.512794494628906,35.512794494628906,35.512794494628906,35.512794494628906,0
2023-12-11,35.512794494628906,35.512794494628906,35.512794494628906,35.512794494628906,0
2023-12-12,35.53573989868164,35.53573989868164,35.53573989868164,35.53575897216797,0
2023-12-13,35.53573989868164,35.53573989868164,35.53573989868164,35.53575897216797,0
2023-12-14,35.53713607788086,35.53713607788086,35.53713607788086,35.48346710205078,0
2023-12-15,35.53713607788086,35.53713607788086,35.53713607788086,35.53713607788086,0
2023-12-18,35.53713607788086,35.53713607788086,35.53713607788086,35.53713607788086,0
2023-12-19,35.56486511230469,35.56486511230469,35.56486511230469,35.53713607788086,0
2023-12-20,35.56486511230469,35.56486511230469,35.56486511230469,35.53713607788086,0
2023-12-21,35.62831115722656,35.62831115722656,35.62831115722656,35.62831115722656,0
2023-12-22,35.62831115722656,35.697933197021484,35.62831115722656,35.62831115722656,0
2023-12-25,35.697933197021484,35.697933197021484,35.697933197021484,35.697933197021484,0
2023-12-26,35.697933197021484,35.697933197021484,35.697933197021484,35.697933197021484,0
2023-12-27,35.693241119384766,35.693241119384766,35.693241119384766,35.693241119384766,0
2023-12-28,35.69524383544922,35.69524383544922,35.69524383544922,35.69524383544922,0
2023-12-29,35.69524383544922,35.840675354003906,35.69524383544922,35.69524383544922,0
2024-01-01,35.69524383544922,35.840675354003906,35.69524383544922,35.69524383544922,0
2024-01-02,35.840675354003906,35.840675354003906,35.840675354003906,35.840675354003906,0
2024-01-03,35.840675354003906,35.840675354003906,35.7773323059082,35.840675354003906,0
2024-01-04,35.7773323059082,35.7773323059082,35.7773323059082,35.7773323059082,0
2024-01-05,35.94441223144531,35.94441223144531,35.94441223144531,35.94441223144531,0
2024-01-08,35.91648483276367,35.91648483276367,35.91648483276367,35.91648483276367,0
2024-01-09,35.91648483276367,35.91648483276367,35.848655700683594,35.91648483276367,0
2024-01-10,35.91648483276367,35.91648483276367,35.848655700683594,35.91648483276367,0
2024-01-11,35.827308654785156,35.827308654785156,35.827308654785156,35.848655700683594,0
2024-01-12,35.85584259033203,35.85584259033203,35.85584259033203,35.827308654785156,0
2024-01-15,35.85584259033203,35.87299346923828,35.85584259033203,35.827308654785156,0
2024-01-16,35.85584259033203,35.87299346923828,35.85584259033203,35.827308654785156,0
2024-01-17,35.87299346923828,35.87299346923828,35.87299346923828,35.87299346923828,0
2024-01-18,35.956485748291016,35.956485748291016,35.956485748291016,35.956485748291016,0
2024-01-19,36.04755401611328,36.04755401611328,36.04755401611328,35.956485748291016,0
2024-01-22,36.04755401611328,36.04755401611328,36.04755401611328,36.04755401611328,0
2024-01-23,36.05557632446289,36.05557632446289,36.05557632446289,36.05557632446289,0
2024-01-24,36.05557632446289,36.05557632446289,36.02012252807617,36.05557632446289,0
2024-01-25,36.03757858276367,36.03757858276367,36.03757858276367,36.03757858276367,0
2024-01-26,36.028404235839844,36.028404235839844,36.02830505371094,36.028404235839844,0
2024-01-29,36.028404235839844,36.028404235839844,36.02830505371094,36.028404235839844,0
2024-01-30,36.11149597167969,36.11149597167969,36.11149597167969,36.11149597167969,0
2024-01-31,36.05144500732422,36.05144500732422,36.05144500732422,36.05144500732422,0
2024-02-01,36.05144500732422,36.05144500732422,36.05144500732422,36.05144500732422,0
2024-02-02,36.163455963134766,36.163455963134766,36.163455963134766,36.163455963134766,0
2024-02-05,36.14461135864258,36.14461135864258,36.14461135864258,36.14461135864258,0
2024-02-06,36.14461135864258,36.14461135864258,36.14461135864258,36.14461135864258,0
2024-02-07,36.16496276855469,36.16496276855469,36.16496276855469,36.16276550292969,0
2024-02-08,36.16496276855469,36.16496276855469,36.16496276855469,36.16496276855469,0
2024-02-09,36.146907806396484,36.146907806396484,36.146907806396484,36.146907806396484,0
2024-02-12,36.146907806396484,36.146907806396484,36.146907806396484,36.146907806396484,0
2024-02-13,36.146907806396484,36.22770309448242,36.146907806396484,36.146907806396484,0
2024-02-14,36.22770309448242,36.22770309448242,36.22770309448242,36.22770309448242,0
2024-02-15,36.22770309448242,36.22770309448242,36.22770309448242,36.22770309448242,0
2024-02-16,36.17024612426758,36.17024612426758,36.17024612426758,36.17024612426758,0
2024-02-19,36.17024612426758,36.183013916015625,36.17024612426758,36.17024612426758,0
2024-02-20,36.183013916015625,36.183013916015625,36.183013916015625,36.183013916015625,0
2024-02-21,36.20436096191406,36.20436096191406,36.20436096191406,36.20436096191406,0
2024-02-22,36.20436096191406,36.20436096191406,36.20436096191406,36.20436096191406,0
2024-02-23,36.14092254638672,36.14092254638672,36.14092254638672,36.14092254638672,0
2024-02-26,36.14092254638672,36.14092254638672,36.14092254638672,36.14092254638672,0
2024-02-27,35.9796257019043,35.9796257019043,35.9796257019043,35.9796257019043,0
2024-02-28,35.9796257019043,35.98042297363281,35.9796257019043,35.9796257019043,0
2024-02-29,35.9796257019043,35.98042297363281,35.9796257019043,35.9796257019043,0
2024-03-01,36.0052604675293,36.0052604675293,36.0052604675293,35.98042297363281,0
2024-03-04,36.0052604675293,36.0052604675293,35.98994827270508,35.98042297363281,0
2024-03-05,36.0052604675293,36.0052604675293,35.98994827270508,35.98042297363281,0
2024-03-06,36.0052604675293,36.0052604675293,35.98994827270508,35.98042297363281,0
2024-03-07,36.04146957397461,36.04146957397461,36.04146957397461,36.04146957397461,0
2024-03-08,36.042755126953125,36.042755126953125,36.042755126953125,36.04146957397461,0
2024-03-11,36.099822998046875,36.099822998046875,36.099822998046875,36.099822998046875,0
2024-03-12,36.11000061035156,36.11000061035156,36.11000061035156,36.11000061035156,0
2024-03-13,36.11000061035156,36.11000061035156,36.11000061035156,36.11000061035156,0
2024-03-14,36.17264175415039,36.17264175415039,36.17264175415039,36.17264175415039,0
2024-03-15,36.18531036376953,36.18531036376953,36.18531036376953,36.17264175415039,0
2024-03-18,36.18531036376953,36.18531036376953,36.18531036376953,36.18531036376953,0
2024-03-19,36.18531036376953,36.18531036376953,36.17463684082031,36.18531036376953,0
2024-03-20,36.17463684082031,36.17463684082031,36.17463684082031,36.17463684082031,0
2024-03-21,36.17463684082031,36.174686431884766,36.17463684082031,36.17463684082031,0
2024-03-22,36.174686431884766,36.174686431884766,36.174686431884766,36.174686431884766,0
2024-03-25,36.23089599609375,36.264610290527344,36.23089599609375,36.23089599609375,0
2024-03-26,36.264610290527344,36.264610290527344,36.264610290527344,36.264610290527344,0
2024-03-27,36.2098503112793,36.2098503112793,36.2098503112793,36.2098503112793,0
2024-03-28,36.2431640625,36.2431640625,36.2431640625,36.2431640625,0
2024-03-29,36.2431640625,36.2431640625,36.2431640625,36.2431640625,0
2024-04-01,36.198875427246094,36.198875427246094,36.198875427246094,36.198875427246094,0
2024-04-02,36.198875427246094,36.198875427246094,36.198875427246094,36.198875427246094,0
2024-04-03,36.195255279541016,36.195255279541016,36.195255279541016,36.198875427246094,0
2024-04-04,36.158077239990234,36.158077239990234,36.158077239990234,36.195255279541016,0
2024-04-05,36.158077239990234,36.158077239990234,36.158077239990234,36.195255279541016,0
2024-04-08,36.11997604370117,36.11997604370117,36.11997604370117,36.11997604370117,0
2024-04-09,36.13683319091797,36.13683319091797,36.13683319091797,36.13683319091797,0
2024-04-10,36.13683319091797,36.13683319091797,36.09044647216797,36.13683319091797,0
2024-04-11,36.09044647216797,36.09044647216797,36.09044647216797,36.09044647216797,0
2024-04-12,36.09044647216797,36.09044647216797,36.09044647216797,36.09044647216797,0
2024-04-15,36.189697265625,36.189697265625,36.189697265625,36.189697265625,0
2024-04-16,36.189697265625,36.189697265625,36.189697265625,36.189697265625,0
2024-04-17,36.198177337646484,36.198177337646484,36.198177337646484,36.189697265625,0
2024-04-18,36.198177337646484,36.198177337646484,36.198177337646484,36.198177337646484,0
2024-04-19,36.251243591308594,36.251243591308594,36.251243591308594,36.251243591308594,0
2024-04-22,36.251243591308594,36.251243591308594,36.251243591308594,36.251243591308594,0
2024-04-23,36.26124572753906,36.26124572753906,36.26124572753906,36.26124572753906,0
2024-04-24,36.26124572753906,36.26124572753906,36.26124572753906,36.26124572753906,0
2024-04-25,36.296730041503906,36.296730041503906,36.296730041503906,36.26124572753906,0
2024-04-26,36.296730041503906,36.3320426940918,36.296730041503906,36.296730041503906,0
2024-04-29,36.3320426940918,36.3320426940918,36.3320426940918,36.3320426940918,0
2024-04-30,36.33503341674805,36.33503341674805,36.33503341674805,36.33503341674805,0
2024-05-01,36.33503341674805,36.33503341674805,36.33503341674805,36.33503341674805,0
2024-05-02,36.38181686401367,36.38181686401367,36.38181686401367,36.33503341674805,0
2024-05-03,36.418556213378906,36.418556213378906,36.418556213378906,36.38181686401367,0
2024-05-06,36.418556213378906,36.41862487792969,36.418556213378906,36.418556213378906,0
2024-05-07,36.484859466552734,36.484859466552734,36.484859466552734,36.484859466552734,0
2024-05-08,36.484859466552734,36.484859466552734,36.474857330322266,36.484859466552734,0
2024-05-09,36.474857330322266,36.4913444519043,36.47089385986328,36.474857330322266,0
2024-05-10,36.4913444519043,36.4913444519043,36.4913444519043,36.4913444519043,0
2024-05-13,36.4913444519043,36.4913444519043,36.4913444519043,36.4913444519043,0
2024-05-14,36.51857376098633,36.51857376098633,36.51857376098633,36.51857376098633,0
2024-05-15,36.51857376098633,36.51857376098633,36.51857376098633,36.51857376098633,0
2024-05-16,36.503414154052734,36.503414154052734,36.503414154052734,36.503414154052734,0
2024-05-17,36.534934997558594,36.534934997558594,36.534934997558594,36.503414154052734,0
2024-05-20,36.48027038574219,36.48027038574219,36.48027038574219,36.534934997558594,0
2024-05-21,36.48027038574219,36.48027038574219,36.48027038574219,36.48027038574219,0
2024-05-22,36.47887420654297,36.47887420654297,36.47887420654297,36.47887420654297,0
2024-05-23,36.47887420654297,36.47887420654297,36.45503234863281,36.47887420654297,0
2024-05-24,36.45503234863281,36.45503234863281,36.45503234863281,36.45503234863281,0
2024-05-27,36.45503234863281,36.45503234863281,36.45503234863281,36.45503234863281,0
2024-05-28,36.45503234863281,36.45503234863281,36.45503234863281,36.45503234863281,0
2024-05-29,36.420555114746094,36.420555114746094,36.420555114746094,36.45503234863281,0
2024-05-30,36.4201545715332,36.4201545715332,36.4201545715332,36.4201545715332,0
2024-05-31,36.4201545715332,36.4201545715332,36.42012023925781,36.4201545715332,0
2024-06-03,36.445858001708984,36.445858001708984,36.445858001708984,36.445858001708984,0
2024-06-04,36.44306564331055,36.44306564331055,36.44306564331055,36.44306564331055,0
2024-06-05,36.482967376708984,36.49174880981445,36.472530364990234,36.44944763183594,0
2024-06-06,36.46879959106445,36.69974899291992,36.457923889160156,36.46858596801758,0
2024-06-07,36.432464599609375,36.453792572021484,36.41728591918945,36.43315505981445,0
2024-06-10,37.144805908203125,37.23650360107422,36.374935150146484,37.144805908203125,0
2024-06-11,36.394779205322266,36.569183349609375,36.38175582885742,36.394779205322266,0
2024-06-12,36.38311767578125,36.475955963134766,36.259132385253906,36.38311767578125,0
2024-06-13,36.394344329833984,36.43595504760742,36.37147521972656,36.39447784423828,0
2024-06-14,36.37425994873047,36.397457122802734,36.35538101196289,36.374149322509766,0
2024-06-17,36.36252975463867,36.492671966552734,36.09452438354492,36.36252975463867,0
2024-06-18,36.362239837646484,36.38044738769531,36.32655715942383,36.362239837646484,0
2024-06-19,36.3387565612793,36.616966247558594,36.330665588378906,36.3387565612793,0
2024-06-20,36.3275260925293,36.354976654052734,36.084537506103516,36.32765197753906,0
2024-06-21,36.323394775390625,36.54481887817383,36.309844970703125,36.323394775390625,0
2024-06-24,36.11477279663086,36.3267707824707,36.11477279663086,36.317386627197266,0
2024-06-25,36.31727981567383,36.44456481933594,36.28157043457031,36.31727981567383,0
2024-06-26,36.3105583190918,36.33388137817383,36.29370880126953,36.3105583190918,0
2024-06-27,36.32737350463867,36.34111022949219,36.31718826293945,36.326927185058594,0
2024-06-28,36.352813720703125,36.36952209472656,36.10587692260742,36.352813720703125,0
2024-07-01,36.39065933227539,36.41585159301758,36.34052658081055,36.39065933227539,0
2024-07-02,36.399009704589844,36.420406341552734,36.37908172607422,36.399166107177734,0
2024-07-03,36.41114044189453,36.43223190307617,36.403587341308594,36.41114044189453,0
2024-07-04,36.4222412109375,36.449214935302734,36.39213943481445,36.422142028808594,0
2024-07-05,36.4568977355957,36.53377914428711,36.443382263183594,36.4568977355957,0
2024-07-08,36.38870620727539,36.4210205078125,31.47307586669922,36.38870620727539,0
2024-07-09,36.43354797363281,36.569252014160156,36.4217529296875,36.43354797363281,0
2024-07-10,36.45024871826172,36.45835876464844,36.348838806152344,36.44983673095703,0
2024-07-11,36.458065032958984,36.60321807861328,36.37196731567383,36.458065032958984,0
2024-07-12,36.47498321533203,36.48577117919922,36.45315170288086,36.4751091003418,0
2024-07-15,36.468650817871094,36.57704162597656,36.40921401977539,36.468650817871094,0
2024-07-16,36.445308685302734,36.576194763183594,36.394309997558594,36.445308685302734,0
2024-07-17,36.45064926147461,36.477325439453125,36.154273986816406,36.450523376464844,0
2024-07-18,36.48506164550781,36.49800109863281,36.474483489990234,36.48506164550781,0
2024-07-19,36.51683807373047,36.53691482543945,36.498619079589844,36.51683807373047,0
2024-07-22,37.30191421508789,37.30359649658203,36.52484130859375,37.30191421508789,0
2024-07-23,36.47562026977539,36.49177932739258,36.45611572265625,36.47562026977539,0
2024-07-24,36.50331497192383,36.61114501953125,36.48801040649414,36.50303268432617,0
2024-07-25,36.5026969909668,36.545310974121094,36.47718811035156,36.50310134887695,0
2024-07-26,36.52402877807617,36.538238525390625,36.35374450683594,36.52394485473633,0
2024-07-29,36.31243896484375,36.80162048339844,36.3011474609375,36.31243896484375,0
2024-07-30,36.55341720581055,36.56307601928711,36.51374053955078,36.55341720581055,0
2024-07-31,36.55719757080078,36.57244873046875,36.42473602294922,36.557106018066406,0
2024-08-01,36.580745697021484,36.615230560302734,36.52126693725586,36.580745697021484,0
2024-08-02,36.58623123168945,36.643821716308594,36.54520797729492,36.58623123168945,0
2024-08-05,36.59975814819336,36.918819427490234,36.288726806640625,36.59975814819336,0
2024-08-06,36.5970344543457,36.61473846435547,36.56106948852539,36.59716796875,0
2024-08-07,36.6081428527832,36.63875198364258,36.48759841918945,36.6081428527832,0
2024-08-08,36.62440872192383,36.65984344482422,36.60804748535156,36.62440872192383,0
2024-08-09,36.62681198120117,36.65093231201172,36.61715316772461,36.62691879272461,0
2024-08-12,36.60979461669922,36.62324142456055,36.3909912109375,36.60979461669922,0
2024-08-13,36.5749397277832,36.596763610839844,36.553321838378906,36.5749397277832,0
2024-08-14,36.6005973815918,36.622798919677734,36.57686233520508,36.600345611572266,0
2024-08-15,36.557586669921875,36.659156799316406,36.50288009643555,36.557586669921875,0
2024-08-16,36.62105178833008,36.647579193115234,36.605472564697266,36.62105178833008,0
2024-08-19,36.64483642578125,36.71872329711914,36.61915969848633,36.64483642578125,0
2024-08-20,36.62931442260742,36.78889465332031,36.61984634399414,36.62931442260742,0
2024-08-21,36.627288818359375,36.6403923034668,36.574344635009766,36.627288818359375,0
2024-08-22,36.59284591674805,36.78752136230469,36.531150817871094,36.59284591674805,0
2024-08-23,36.64093780517578,36.66984558105469,36.55677795410156,36.64084243774414,0
2024-08-26,36.533424377441406,36.588016510009766,36.514183044433594,36.533424377441406,0
2024-08-27,36.507568359375,36.57373809814453,36.49528121948242,36.507568359375,0
2024-08-28,36.53282928466797,36.77579116821289,36.521873474121094,36.53282928466797,0
2024-08-29,36.53615951538086,36.56010818481445,36.496856689453125,36.53615951538086,0
2024-08-30,36.57000732421875,36.604949951171875,36.539119720458984,36.57000732421875,0
2024-09-02,36.589054107666016,36.69818115234375,36.56389617919922,36.589054107666016,0
2024-09-03,36.589900970458984,36.6085205078125,36.575439453125,36.589900970458984,0
2024-09-04,36.58283996582031,36.5951042175293,36.539424896240234,36.58292007446289,0
2024-09-05,36.58793640136719,36.76570510864258,36.481380462646484,36.58793640136719,0
2024-09-06,36.62887954711914,36.64165496826172,36.592552185058594,36.62898254394531,0
2024-09-09,36.63956069946289,36.78498077392578,36.604061126708984,36.63956069946289,0
2024-09-10,36.62944030761719,36.653690338134766,36.399864196777344,36.62944030761719,0
2024-09-11,36.65036392211914,36.66611099243164,36.48858642578125,36.65036392211914,0
2024-09-12,36.72993469238281,36.8361930847168,36.51093673706055,36.72993469238281,0
2024-09-13,36.68484115600586,36.717041015625,36.58224868774414,36.68484115600586,0
2024-09-16,35.81680679321289,36.76994323730469,35.79535675048828,35.81680679321289,0
2024-09-17,36.719364166259766,36.77667236328125,36.31306457519531,36.719364166259766,0
2024-09-18,36.71440887451172,36.73427963256836,36.38059616088867,36.71440887451172,0
2024-09-19,36.72329330444336,36.74502182006836,36.6877555847168,36.72329330444336,0
2024-09-20,36.74555587768555,36.77041244506836,36.70732116699219,36.74555587768555,0
2024-09-23,36.82684326171875,36.82684326171875,36.74009323120117,36.82684326171875,0
2024-09-24,36.75692367553711,36.99448776245117,36.370784759521484,36.75692367553711,0
2024-09-25,36.75336456298828,36.79079818725586,36.71581268310547,36.75471115112305,0
2024-09-26,36.79486083984375,36.81320571899414,36.77606964111328,36.794559478759766,0
2024-09-27,36.794857025146484,36.935203552246094,36.51353073120117,36.794857025146484,0
2024-09-30,36.85215377807617,36.87385940551758,36.83407974243164,36.85215377807617,0
2024-10-01,36.8670654296875,36.92761993408203,36.70206069946289,36.8670654296875,0
2024-10-02,36.86681365966797,37.10282897949219,36.836280822753906,36.86681365966797,0
2024-10-03,36.86301803588867,36.9023323059082,36.82554244995117,36.86275100708008,0
2024-10-04,36.929134368896484,36.93962097167969,36.89305114746094,36.929134368896484,0
2024-10-07,36.979408264160156,37.01929473876953,36.892662048339844,36.979408264160156,0
2024-10-08,36.983489990234375,37.01277160644531,36.97013854980469,36.98331069946289,0
2024-10-09,37.017799377441406,37.041954040527344,36.9471549987793,37.017799377441406,0
2024-10-10,37.472572326660156,37.491851806640625,37.44770812988281,37.472572326660156,0
2024-10-11,37.59280014038086,37.712432861328125,37.51016616821289,37.59280014038086,0
2024-10-14,38.82731246948242,38.84526443481445,38.81467056274414,38.82731246948242,0
2024-10-15,38.82979202270508,38.86054229736328,38.52535629272461,38.82979202270508,0
2024-10-16,38.85932922363281,38.90226364135742,38.82060623168945,38.82059860229492,0
2024-10-17,38.95286560058594,38.99543380737305,38.922420501708984,38.95286560058594,0
2024-10-18,39.076171875,39.08884811401367,39.05826187133789,39.076171875,0
2024-10-21,39.11171340942383,39.83767318725586,39.0904541015625,39.11171340942383,0
2024-10-22,39.122825622558594,39.13565444946289,38.90377426147461,39.122825622558594,0
2024-10-23,39.26424026489258,39.28184127807617,39.02715301513672,39.26424026489258,0
2024-10-24,39.402923583984375,39.568050384521484,39.35580825805664,39.40304946899414,0
2024-10-25,40.82018280029297,40.83682632446289,40.56667709350586,40.82018280029297,0
2024-10-28,40.98086166381836,40.99230194091797,40.96523666381836,40.98086166381836,0
2024-10-29,41.67484664916992,41.72056579589844,41.61861038208008,41.67484664916992,0
2024-10-30,42.163543701171875,42.25514602661133,42.146995544433594,42.1638069152832,0
2024-10-31,42.49995422363281,42.53691482543945,42.48305130004883,42.49995422363281,0
2024-11-01,42.6480827331543,42.68256759643555,42.601348876953125,42.6480827331543,0
2024-11-04,42.79439926147461,43.45338439941406,42.60332489013672,42.79439926147461,0
2024-11-05,42.794349670410156,43.824459075927734,42.60285186767578,42.794349670410156,0
2024-11-06,43.408817291259766,47.01661682128906,43.13203811645508,43.42317199707031,0
2024-11-07,43.719017028808594,44.01982498168945,43.55669021606445,43.719017028808594,0
2024-11-08,44.12199401855469,44.1402473449707,43.41823196411133,44.12199401855469,0
2024-11-11,44.63888168334961,44.90834426879883,44.52151870727539,44.63888168334961,0
2024-11-12,44.689659118652344,44.84806442260742,44.14372253417969,44.689659118652344,0
2024-11-13,44.86507034301758,45.08794021606445,44.81657791137695,44.864906311035156,0
2024-11-14,44.988372802734375,45.905216217041016,44.741947174072266,44.98876190185547,0
2024-11-15,45.44193649291992,45.56162643432617,44.99330139160156,45.44193649291992,0
2024-11-18,45.723995208740234,46.5625114440918,45.59046936035156,45.723995208740234,0
2024-11-19,45.723968505859375,45.847557067871094,44.70206832885742,45.72378921508789,0
2024-11-20,45.775699615478516,46.01456832885742,45.684654235839844,45.775699615478516,0
2024-11-21,45.9929313659668,46.599029541015625,45.89680862426758,45.99288558959961,0
2024-11-22,46.261322021484375,46.285743713378906,46.1357421875,46.261348724365234,0
2024-11-25,46.55101776123047,47.29961013793945,46.03677749633789,46.55101776123047,0
2024-11-26,46.576316833496094,46.6684684753418,46.37774658203125,46.57645034790039,0
2024-11-27,46.68679428100586,46.71235275268555,46.489959716796875,46.686954498291016,0
2024-11-28,46.78843307495117,46.84666442871094,46.364036560058594,46.788307189941406,0
2024-11-29,47.245967864990234,47.987388610839844,47.092960357666016,47.246150970458984,0
2024-12-02,47.5402946472168,47.64818572998047,46.26102828979492,47.5402946472168,0
2024-12-03,47.660865783691406,47.91855239868164,47.59457778930664,47.66064453125,0
2024-12-04,47.78767395019531,47.8096809387207,47.75647735595703,47.78739547729492,0
2024-12-05,48.049957275390625,48.07742691040039,47.99805450439453,48.048770904541016,0
2024-12-06,48.25791931152344,48.29121017456055,48.205684661865234,48.25812911987305,0
2024-12-09,48.72133255004883,49.596519470214844,48.686588287353516,48.72133255004883,0
2024-12-10,48.800289154052734,49.79153823852539,48.78053665161133,48.800453186035156,0
2024-12-11,49.041664123535156,49.076927185058594,49.0037956237793,49.04196548461914,0
2024-12-12,49.40625,50.66501998901367,49.37080383300781,49.40633773803711,0
2024-12-13,49.836727142333984,49.86199951171875,49.81449508666992,49.836727142333984,0
2024-12-16,50.2615966796875,50.29496383666992,50.19253921508789,50.2615966796875,0
2024-12-17,50.29962921142578,50.34843444824219,50.1803092956543,50.29964065551758,0
2024-12-18,50.47125244140625,50.5094108581543,50.43006134033203,50.47125244140625,0
2024-12-19,50.88313293457031,51.63034439086914,50.83735656738281,50.88304138183594,0
2024-12-20,51.27870178222656,52.679866790771484,51.246910095214844,51.27858352661133,0
2024-12-23,51.46794509887695,51.50789260864258,51.421871185302734,51.46794509887695,0
2024-12-24,51.56779479980469,51.59478759765625,51.54022979736328,51.56802749633789,0
2024-12-25,51.56817626953125,51.659400939941406,51.506900787353516,51.56817626953125,0
2024-12-26,51.56817626953125,52.56817626953125,51.55215072631836,51.566856384277344,0
2024-12-27,51.56792449951172,51.717185974121094,51.5676155090332,51.56792449951172,0
2024-12-30,51.69367980957031,52.69489669799805,51.69367980957031,51.69367980957031,0
2024-12-31,51.95436096191406,51.98306655883789,51.86607360839844,51.95453643798828,0
2025-01-02,51.95460510253906,54.64181900024414,51.921058654785156,51.95460510253906,0
2025-01-03,52.4992790222168,53.24360275268555,52.46125793457031,52.4992790222168,0
2025-01-06,52.93826675415039,54.065372467041016,52.87640380859375,52.93826675415039,0
2025-01-07,52.93885803222656,53.08966064453125,52.889957427978516,52.938961029052734,0
2025-01-08,52.99764633178711,53.74714660644531,52.956817626953125,52.99750900268555,0
2025-01-09,53.20907974243164,53.927337646484375,53.15932846069336,53.20923614501953,0
2025-01-10,53.778255462646484,53.812255859375,53.74361038208008,53.77802658081055,0
2025-01-13,53.80455780029297,56.38064193725586,53.77094268798828,53.80455780029297,0
2025-01-14,53.805416107177734,53.889610290527344,53.52634048461914,53.8051643371582,0
2025-01-15,53.89016342163086,54.78361129760742,53.84317398071289,53.89016342163086,0
2025-01-16,54.29498291015625,54.361446380615234,54.26829147338867,54.29468536376953,0
2025-01-17,54.685062408447266,54.78435516357422,54.62314987182617,54.68468475341797,0
2025-01-20,55.04063034057617,55.04063034057617,54.81196212768555,55.04063034057617,0
2025-01-21,54.90955352783203,54.932804107666016,54.88951873779297,54.908348083496094,0
2025-01-22,55.224647521972656,55.25368881225586,55.114097595214844,55.22474670410156,0
2025-01-23,55.685447692871094,55.76243209838867,55.664310455322266,55.685447692871094,0
2025-01-24,56.20690155029297,57.64847183227539,56.1823616027832,56.20680236816406,0
2025-01-27,56.57453536987305,57.80903244018555,56.386192321777344,56.57453536987305,0
2025-01-28,56.77974319458008,56.80281448364258,56.753623962402344,56.77962875366211,0
2025-01-29,57.22054672241211,57.262054443359375,56.71405029296875,57.22035217285156,0
2025-01-30,57.3160400390625,57.34528350830078,57.12949752807617,57.31680679321289,0
2025-01-31,57.8891716003418,57.9239501953125,57.8615837097168,57.8891716003418,0
2025-02-03,58.36534118652344,58.47216033935547,58.31568145751953,58.36534118652344,0
2025-02-04,58.46437072753906,59.77976989746094,58.41824722290039,58.4707145690918,0
2025-02-05,58.71574783325195,59.811805725097656,58.648704528808594,58.7158317565918,0
2025-02-06,59.381717681884766,59.406700134277344,59.34260940551758,59.38132858276367,0
2025-02-07,60.061737060546875,60.121368408203125,60.024269104003906,60.06193161010742,0
2025-02-10,60.429141998291016,60.929988861083984,60.251312255859375,60.429141998291016,0
2025-02-11,60.46330642700195,60.49851989746094,60.4157600402832,60.46330642700195,0
2025-02-12,60.94776916503906,60.97524642944336,60.8752326965332,60.94776916503906,0
2025-02-13,61.265655517578125,61.29084014892578,61.21965408325195,61.265567779541016,0
2025-02-14,61.74100112915039,61.77641677856445,61.68821716308594,61.74091339111328,0
2025-02-17,61.97352981567383,62.00912094116211,61.952049255371094,61.97352981567383,0
2025-02-18,62.01849365234375,62.053184509277344,61.68814468383789,62.01826858520508,0
2025-02-19,62.09794998168945,62.140464782714844,61.94464874267578,62.10197830200195,0
2025-02-20,62.429359436035156,62.52633285522461,62.0279426574707,62.429412841796875,0
2025-02-21,63.124290466308594,63.182273864746094,63.08708190917969,63.124290466308594,0
2025-02-24,63.32749557495117,63.5101203918457,63.27508544921875,63.32749557495117,0
2025-02-25,63.41105270385742,64.08167266845703,63.33611297607422,63.41105270385742,0
2025-02-26,63.9355583190918,63.97335433959961,63.8946647644043,63.93551254272461,0
2025-02-27,64.15357208251953,64.76774597167969,63.954227447509766,64.15672302246094,0
2025-02-28,64.16279602050781,64.56393432617188,64.08724212646484,64.16255950927734,0
2025-03-03,64.39800262451172,64.45098114013672,64.35185241699219,64.39800262451172,0
2025-03-04,64.39954376220703,64.47993469238281,64.3287124633789,64.39986419677734,0
2025-03-05,64.20994567871094,64.42825317382812,60.43114471435547,64.22615051269531,0
2025-03-06,64.0439453125,64.86174774169922,63.965850830078125,64.05845642089844,0
2025-03-07,64.31394958496094,64.62187957763672,64.20014190673828,64.31394958496094,0
2025-03-10,64.5749740600586,65.54789733886719,64.40208435058594,64.5749740600586,0
2025-03-11,65.31694793701172,66.04995727539062,64.94542694091797,65.31694793701172,0
2025-03-12,64.82939147949219,65.22323608398438,64.79034423828125,64.8438949584961,0
2025-03-13,64.70220947265625,65.1150131225586,64.68212127685547,64.70220947265625,0
2025-03-14,64.7077865600586,65.87925720214844,63.829734802246094,64.69774627685547,0
2025-03-17,64.09192657470703,64.10303497314453,64.09192657470703,64.09192657470703,0
2025-03-18,65.46273040771484,65.46273040771484,65.46273040771484,64.10303497314453,0
2025-03-19,66.62103271484375,66.62103271484375,66.62103271484375,66.62103271484375,0
2025-03-20,66.62103271484375,66.62103271484375,66.62103271484375,66.62103271484375,0
2025-03-21,67.46531677246094,67.68855285644531,67.46531677246094,66.62103271484375,0
2025-03-24,67.68855285644531,68.14082336425781,67.68855285644531,67.68855285644531,0
2025-03-25,68.14082336425781,68.14082336425781,68.14082336425781,68.14082336425781,0
2025-03-26,68.22261810302734,68.22261810302734,68.22261810302734,68.22261810302734,0
2025-03-27,68.22261810302734,68.52764892578125,68.22261810302734,68.22261810302734,0
2025-03-28,68.52764892578125,68.84626007080078,68.52764892578125,68.52764892578125,0
2025-03-31,68.84626007080078,68.84626007080078,68.84626007080078,68.84626007080078,0
2025-04-01,69.3924789428711,69.3924789428711,69.3924789428711,68.84626007080078,0
2025-04-02,69.3924789428711,69.6015625,69.3924789428711,69.3924789428711,0
2025-04-03,69.6015625,69.83907318115234,69.6015625,69.6015625,0
2025-04-04,69.83907318115234,70.07367706298828,69.83907318115234,69.83907318115234,0
2025-04-07,69.83907318115234,70.07367706298828,69.83907318115234,69.83907318115234,0
2025-04-08,70.07367706298828,73.17426300048828,70.07367706298828,70.07367706298828,0
2025-04-09,73.17426300048828,73.17426300048828,73.17420959472656,73.17426300048828,0
2025-04-10,73.17420959472656,73.17420959472656,73.17420959472656,73.17420959472656,0
2025-04-11,77.07144165039062,77.07144165039062,77.07144165039062,73.17420959472656,0
2025-04-14,77.07144165039062,77.07144165039062,77.07144165039062,77.07144165039062,0
2025-04-15,77.07144165039062,77.07144165039062,77.07144165039062,77.07144165039062,0
2025-04-16,77.07144165039062,77.07144165039062,77.07144165039062,77.07144165039062,0
2025-04-17,77.07144165039062,77.07144165039062,77.07144165039062,77.07144165039062,0
2025-04-22,80.75740051269531,80.75740051269531,80.75740051269531,77.07144165039062,0
2025-04-23,81.55690002441406,81.55690002441406,81.55690002441406,80.75740051269531,0
2025-04-24,83.20558166503906,83.20558166503906,83.20558166503906,81.55690002441406,0
2025-04-25,83.20558166503906,83.20558166503906,83.20558166503906,81.55690002441406,0
2025-04-28,83.20558166503906,83.20558166503906,83.20558166503906,81.55690002441406,0
2025-04-29,85.89900970458984,86.43975830078125,85.89900970458984,83.20558166503906,0
2025-04-30,86.43975830078125,86.43975830078125,86.43975830078125,86.43975830078125,0
2025-05-01,86.43975830078125,86.62937927246094,86.43975830078125,86.43975830078125,0
2025-05-02,86.43975830078125,86.62937927246094,86.43975830078125,86.43975830078125,0
2025-05-05,88.41889953613281,88.41889953613281,88.41889953613281,86.62937927246094,0
2025-05-06,88.41889953613281,88.50060272216797,88.41889953613281,86.62937927246094,0
2025-05-07,88.50060272216797,88.50060272216797,88.50060272216797,88.50060272216797,0
2025-05-08,90.98326873779297,90.98326873779297,90.98326873779297,88.50060272216797,0
2025-05-09,90.98326873779297,90.98326873779297,90.98326873779297,88.50060272216797,0
2025-05-12,92.59892272949219,92.59892272949219,92.59892272949219,90.98326873779297,0
2025-05-13,92.59892272949219,92.59892272949219,92.59892272949219,90.98326873779297,0
2025-05-14,92.82964324951172,92.82964324951172,92.82964324951172,92.59892272949219,0
2025-05-15,93.34564971923828,93.34564971923828,93.34564971923828,92.82964324951172,0
2025-05-16,93.9203109741211,93.9203109741211,93.9203109741211,93.34564971923828,0
2025-05-19,94.08828735351562,94.08828735351562,94.08828735351562,93.9203109741211,0
2025-05-20,94.08828735351562,94.08828735351562,94.08828735351562,93.9203109741211,0
2025-05-21,94.56539154052734,94.56539154052734,94.56539154052734,94.08828735351562,0
2025-05-22,94.72779083251953,94.72779083251953,94.72779083251953,94.56539154052734,0
2025-05-23,94.72779083251953,94.72779083251953,94.72779083251953,94.56539154052734,0
2025-05-26,94.72779083251953,94.72779083251953,94.72779083251953,94.56539154052734,0
2025-05-27,94.72779083251953,94.72779083251953,94.72779083251953,94.56539154052734,0
2025-05-28,94.78156280517578,94.78156280517578,94.78156280517578,94.72779083251953,0
2025-05-29,94.72779083251953,94.72779083251953,94.72779083251953,94.56539154052734,0
2025-05-30,94.78156280517578,94.78156280517578,94.78156280517578,94.72779083251953,0
2025-06-02,94.72779083251953,94.72779083251953,94.72779083251953,94.56539154052734,0
2025-06-03,94.72779083251953,94.72779083251953,94.72779083251953,94.56539154052734,0
2025-06-04,94.72779083251953,94.72779083251953,94.72779083251953,94.56539154052734,0
2025-06-05,97.9030990600586,97.9030990600586,97.9030990600586,94.78156280517578,0
2025-06-06,98.28691864013672,98.28691864013672,98.28691864013672,97.65850067138672,0
2025-06-09,98.28691864013672,98.28691864013672,98.26692199707031,97.65850067138672,0
2025-06-10,98.8438491821289,98.8438720703125,98.8438491821289,98.26692199707031,0
2025-06-11,99.44505310058594,99.44505310058594,99.44505310058594,98.8438720703125,0
2025-06-12,99.44505310058594,100.08875274658203,99.44505310058594,98.8438720703125,0
2025-06-13,100.82949829101562,100.82949829101562,100.82949829101562,100.08875274658203,0
2025-06-16,100.82949829101562,102.15699768066406,100.82949829101562,100.08875274658203,0
2025-06-17,102.15699768066406,102.15699768066406,102.15699768066406,102.15699768066406,0
2025-06-18,102.15699768066406,102.15699768066406,101.90160369873047,102.15699768066406,0
2025-06-19,101.90160369873047,102.55169677734375,101.90160369873047,101.90160369873047,0
2025-06-20,102.55169677734375,102.55169677734375,102.55169677734375,102.55169677734375,0
2025-06-23,102.55169677734375,102.55169677734375,102.55169677734375,102.55169677734375,0
2025-06-24,103.47805786132812,103.47805786132812,103.47805786132812,102.55169677734375,0
2025-06-25,105.18907165527344,105.18907165527344,105.18907165527344,103.47805786132812,0
2025-06-26,105.18907165527344,105.18907165527344,105.18907165527344,103.47805786132812,0
2025-06-27,106.1685562133789,106.1685562133789,106.1685562133789,105.18907165527344,0
2025-06-30,106.1685562133789,106.59850311279297,106.1685562133789,106.1685562133789,0
2025-07-01,107.91863250732422,107.91863250732422,107.91863250732422,107.35558319091797,0
2025-07-02,107.91863250732422,107.91863250732422,107.9186019897461,107.35558319091797,0
2025-07-03,108.97850036621094,108.97850036621094,108.97850036621094,108.97850036621094,0
2025-07-04,108.97850036621094,108.97850036621094,108.97850036621094,108.97850036621094,0
2025-07-07,108.97850036621094,108.97850036621094,108.97850036621094,108.97850036621094,0
2025-07-08,111.1449966430664,111.1449966430664,111.1449966430664,111.1449966430664,0
2025-07-09,111.84739685058594,111.84739685058594,111.84739685058594,111.84739685058594,0
2025-07-10,113.46209716796875,113.46209716796875,113.46209716796875,111.84739685058594,0
2025-07-11,113.12547302246094,114.12547302246094,113.12547302246094,113.12547302246094,0
2025-07-14,114.12548065185547,114.12548065185547,114.12548065185547,114.12548065185547,0
2025-07-15,114.12548065185547,114.12548065185547,113.03959655761719,114.12548065185547,0
2025-07-16,116.81500244140625,116.81500244140625,116.81500244140625,115.55499267578125,0
2025-07-17,116.6729965209961,11740360.0,116.6729965209961,116.81500244140625,0
2025-07-18,1174036.0,1174036.0,116.6729965209961,116.6729965209961,0
2025-07-21,116.6729965209961,117.25700378417969,116.6729965209961,116.6729965209961,0
2025-07-22,116.6729965209961,117.25700378417969,116.6729965209961,116.6729965209961,0
2025-07-23,119.14459991455078,119.14459991455078,119.14459991455078,119.14459991455078,0
2025-07-24,119.14459991455078,120.12284088134766,119.14459991455078,119.14459991455078,0
2025-07-25,120.12284088134766,120.12284088134766,120.12284088134766,120.12284088134766,0
2025-07-28,120.12284088134766,120.12284088134766,120.12284088134766,120.12284088134766,0
2025-07-29,121.864501953125,121.864501953125,121.864501953125,121.864501953125,0
2025-07-30,121.864501953125,122.53369903564453,121.864501953125,121.864501953125,0
2025-07-31,122.53369903564453,123.56757354736328,122.53369903564453,122.53369903564453,0
2025-08-01,123.56757354736328,123.56757354736328,123.56757354736328,123.56757354736328,0
2025-08-04,125.11112213134766,125.11112213134766,125.11112213134766,123.11113739013672,0
2025-08-05,125.11112213134766,125.9645004272461,125.11112213134766,123.11113739013672,0
2025-08-06,126.79193115234375,126.79193115234375,126.79193115234375,126.79193115234375,0
2025-08-07,128.24000549316406,128.24000549316406,128.24000549316406,128.24000549316406,0
2025-08-08,128.24000549316406,128.24000549316406,128.24000549316406,128.24000549316406,0
2025-08-11,128.24000549316406,128.24000549316406,128.24000549316406,128.24000549316406,0
2025-08-12,130.79629516601562,130.79629516601562,130.79629516601562,130.79629516601562,0
2025-08-13,132.30259704589844,132.30259704589844,132.30259704589844,132.30259704589844,0
2025-08-14,132.30259704589844,133.18209838867188,132.30259704589844,132.30259704589844,0
2025-08-15,133.18209838867188,134.1448974609375,133.18209838867188,133.18209838867188,0
2025-08-18,134.1448974609375,135.30079650878906,134.1448974609375,134.1448974609375,0
2025-08-19,135.30079650878906,135.30079650878906,135.30079650878906,135.30079650878906,0
2025-08-20,136.5508575439453,136.5508575439453,136.5508575439453,136.5508575439453,0
2025-08-21,136.5508575439453,137.78550720214844,136.5508575439453,136.5508575439453,0
2025-08-22,137.78550720214844,137.78550720214844,137.78550720214844,137.78550720214844,0
2025-08-25,137.78550720214844,137.78550720214844,137.78550720214844,137.78550720214844,0
2025-08-26,139.05308532714844,139.05308532714844,139.05308532714844,137.78550720214844,0
2025-08-27,141.5295867919922,141.5295867919922,141.5295867919922,139.05308532714844,0
2025-08-28,141.5295867919922,144.0122528076172,141.5295867919922,141.5295867919922,0
2025-08-29,141.5295867919922,144.0122528076172,141.5295867919922,141.5295867919922,0
2025-09-01,146.71478271484375,146.71478271484375,146.71478271484375,144.0122528076172,0
2025-09-02,146.71478271484375,146.71478271484375,146.71478271484375,144.0122528076172,0
2025-09-03,146.71478271484375,149.093994140625,146.71478271484375,146.71478271484375,0
2025-09-04,151.76275634765625,151.76275634765625,151.76275634765625,149.093994140625,0
2025-09-05,151.76275634765625,151.76275634765625,151.38328552246094,149.093994140625,0
2025-09-08,151.38328552246094,152.43954467773438,151.38328552246094,151.38328552246094,0
2025-09-09,152.43954467773438,153.0625762939453,152.43954467773438,152.43954467773438,0
2025-09-10,153.0625762939453,154.39503479003906,153.0625762939453,153.0625762939453,0
2025-09-11,155.9829559326172,155.9829559326172,155.9829559326172,154.39503479003906,0
2025-09-12,157.33438110351562,157.33438110351562,157.33438110351562,155.9829559326172,0
2025-09-15,157.33438110351562,158.53175354003906,157.33438110351562,157.33438110351562,0
2025-09-16,160.04678344726562,160.04678344726562,160.04678344726562,158.53175354003906,0
2025-09-17,160.04678344726562,160.04678344726562,160.04678344726562,160.04678344726562,0
2025-09-18,160.04678344726562,160.04678344726562,160.04678344726562,160.04678344726562,0
2025-09-19,163.23828125,163.23828125,163.23828125,160.04678344726562,0
2025-09-22,163.23828125,163.23828125,163.23828125,163.23828125,0
2025-09-23,163.23828125,163.23828125,163.23828125,163.23828125,0
2025-09-24,169.5511016845703,169.5511016845703,169.5511016845703,167.99314880371094,0
2025-09-25,169.5511016845703,169.5511016845703,169.5511016845703,167.99314880371094,0
2025-09-26,169.5511016845703,169.5511016845703,169.5511016845703,169.5511016845703,0
2025-09-29,173.30169677734375,173.30169677734375,173.30169677734375,173.30169677734375,0
2025-09-30,175.20797729492188,175.20797729492188,175.20797729492188,175.20797729492188,0
2025-10-01,177.17025756835938,177.17025756835938,177.17025756835938,177.17025756835938,0
2025-10-02,180.85043334960938,180.85043334960938,180.85043334960938,177.17025756835938,0
2025-10-03,182.67904663085938,182.67904663085938,182.67904663085938,180.85043334960938,0
2025-10-06,182.67904663085938,184.93479919433594,182.67904663085938,180.85043334960938,0
2025-10-07,184.93479919433594,184.93479919433594,184.93479919433594,184.93479919433594,0
2025-10-08,188.76625061035156,188.76625061035156,188.76625061035156,184.93479919433594,0
2025-10-09,188.76625061035156,188.76625061035156,188.76625061035156,184.93479919433594,0
2025-10-10,188.76625061035156,188.76625061035156,188.76625061035156,184.93479919433594,0
2025-10-13,192.81634521484375,192.81634521484375,192.81634521484375,188.76625061035156,0
2025-10-14,192.81634521484375,192.81634521484375,192.81634521484375,192.81634521484375,0
2025-10-15,192.81634521484375,192.81634521484375,192.81634521484375,196.7523956298828,0
2025-10-16,200.96282958984375,200.96282958984375,200.96282958984375,200.96282958984375,0
2025-10-17,200.96279907226562,200.96279907226562,200.96279907226562,200.96279907226562,0
2025-10-20,203.23263549804688,203.23263549804688,203.23263549804688,200.96279907226562,0
2025-10-21,205.1612091064453,205.1612091064453,205.1612091064453,205.1612091064453,0
2025-10-22,207.37399291992188,207.37399291992188,207.37399291992188,205.1612091064453,0
2025-10-23,207.37399291992188,209.7567901611328,207.37399291992188,205.1612091064453,0
2025-10-24,211.95248413085938,211.95248413085938,211.95248413085938,209.7567901611328,0
2025-10-27,211.88294982910156,211.88294982910156,211.88294982910156,211.88294982910156,0
2025-10-28,211.88294982910156,211.88294982910156,211.88294982910156,211.88294982910156,0
2025-10-29,217.62449645996094,217.62449645996094,217.62449645996094,217.62449645996094,0
2025-10-30,217.62449645996094,219.32400512695312,217.62449645996094,217.62449645996094,0
2025-10-31,221.1894073486328,221.1894073486328,221.1894073486328,221.1894073486328,0
2025-11-03,221.1894073486328,221.1894073486328,221.1894073486328,221.1894073486328,0
2025-11-04,223.40220642089844,223.40220642089844,223.40220642089844,221.1894073486328,0
2025-11-05,223.40220642089844,223.40220642089844,223.40220642089844,223.40220642089844,0
2025-11-06,226.98779296875,226.98779296875,226.98779296875,223.40220642089844,0
2025-11-07,227.9084014892578,227.9084014892578,227.9084014892578,226.98779296875,0
2025-11-10,227.9084014892578,227.9084014892578,227.9084014892578,226.98779296875,0
2025-11-11,230.51600646972656,230.51600646972656,230.51600646972656,227.9084014892578,0
2025-11-12,230.51600646972656,230.51600646972656,230.51600646972656,227.9084014892578,0
2025-11-13,227.9084014892578,232.97349548339844,227.9084014892578,230.51600646972656,0
2025-11-14,232.97349548339844,232.97349548339844,232.97349548339844,232.97349548339844,0
2025-11-17,235.86549377441406,235.86549377441406,235.86549377441406,232.97349548339844,0
2025-11-18,235.868896484375,235.868896484375,235.868896484375,235.86549377441406,0
2025-11-19,236.24879455566406,236.24879455566406,236.24879455566406,236.24879455566406,0
2025-11-20,236.24879455566406,237.15611267089844,236.24879455566406,236.24879455566406,0
2025-11-21,237.15611267089844,237.15611267089844,237.15611267089844,237.15611267089844,0
2025-11-24,237.15611267089844,240.9739990234375,237.15611267089844,237.15611267089844,0
2025-11-25,242.50270080566406,242.50270080566406,242.50270080566406,242.50270080566406,0
2025-11-26,242.96376037597656,242.96376037597656,242.96376037597656,242.50270080566406,0
2025-11-27,242.96376037597656,242.96376037597656,242.96376037597656,242.50270080566406,0
2025-11-28,242.96376037597656,242.96376037597656,242.96376037597656,242.96376037597656,0
2025-12-01,242.96376037597656,245.0554962158203,242.96376037597656,242.96376037597656,0
2025-12-02,245.0554962158203,246.68203735351562,245.0554962158203,245.0554962158203,0
2025-12-03,246.7884979248047,246.7884979248047,246.7884979248047,246.7884979248047,0
2025-12-04,248.57589721679688,248.57589721679688,248.57589721679688,248.57589721679688,0
